{
  "time_to_capture_s": null,
  "peak_force": 0.0,
  "final_position_error": 25.784773804084384,
  "final_velocity_norm": 2.3543923194253495
}